{"entities":{"pages":{"starter":{"id":"starter","title":"Tema1 MN","url":"starter.html","level":0,"pages":["DetectiaAnomaliilor","Kernel-Regression","Markov-Text-Generation"],"tabIndex":0},"DetectiaAnomaliilor":{"id":"DetectiaAnomaliilor","title":"Detectia Anomaliilor","url":"detectiaanomaliilor.html","level":1,"parentId":"starter","pages":["estimate-gaussian","multivariate-gaussian","optimal-threshold","identify-outliers"],"tabIndex":0},"estimate-gaussian":{"id":"estimate-gaussian","title":"estimate_gaussian","url":"estimate-gaussian.html","level":2,"parentId":"DetectiaAnomaliilor","tabIndex":0},"multivariate-gaussian":{"id":"multivariate-gaussian","title":"multivariate_gaussian","url":"multivariate-gaussian.html","level":2,"parentId":"DetectiaAnomaliilor","tabIndex":1},"optimal-threshold":{"id":"optimal-threshold","title":"optimal_threshold","url":"optimal-threshold.html","level":2,"parentId":"DetectiaAnomaliilor","tabIndex":2},"identify-outliers":{"id":"identify-outliers","title":"identify_outliers","url":"identify-outliers.html","level":2,"parentId":"DetectiaAnomaliilor","tabIndex":3},"Kernel-Regression":{"id":"Kernel-Regression","title":"Kernel Regression","url":"kernel-regression.html","level":1,"parentId":"starter","pages":["kernel-functions","build-kernel","cholesky","get-lower-inverse","get-predictions-params","get-prediction-params-iter","split-dataset"],"tabIndex":1},"kernel-functions":{"id":"kernel-functions","title":"kernel_functions","url":"kernel-functions.html","level":2,"parentId":"Kernel-Regression","tabIndex":0},"build-kernel":{"id":"build-kernel","title":"build_kernel","url":"build-kernel.html","level":2,"parentId":"Kernel-Regression","tabIndex":1},"cholesky":{"id":"cholesky","title":"cholesky","url":"cholesky.html","level":2,"parentId":"Kernel-Regression","tabIndex":2},"get-lower-inverse":{"id":"get-lower-inverse","title":"get_lower_inverse","url":"get-lower-inverse.html","level":2,"parentId":"Kernel-Regression","tabIndex":3},"get-predictions-params":{"id":"get-predictions-params","title":"get_prediction_params","url":"get-predictions-params.html","level":2,"parentId":"Kernel-Regression","tabIndex":4},"get-prediction-params-iter":{"id":"get-prediction-params-iter","title":"get_prediction_params_iter","url":"get-prediction-params-iter.html","level":2,"parentId":"Kernel-Regression","tabIndex":5},"split-dataset":{"id":"split-dataset","title":"split_dataset","url":"split-dataset.html","level":2,"parentId":"Kernel-Regression","tabIndex":6},"Markov-Text-Generation":{"id":"Markov-Text-Generation","title":"Markov Text Generation","url":"markov-text-generation.html","level":1,"parentId":"starter","pages":["distinct-words","k-secv","distinct-k-secv","word-idx","k-secv-idx","stochastic-matrix"],"tabIndex":2},"distinct-words":{"id":"distinct-words","title":"distinct_words","url":"distinct-words.html","level":2,"parentId":"Markov-Text-Generation","tabIndex":0},"k-secv":{"id":"k-secv","title":"k_secv","url":"k-secv.html","level":2,"parentId":"Markov-Text-Generation","tabIndex":1},"distinct-k-secv":{"id":"distinct-k-secv","title":"distinct_k_secv","url":"distinct-k-secv.html","level":2,"parentId":"Markov-Text-Generation","tabIndex":2},"word-idx":{"id":"word-idx","title":"word_idx","url":"word-idx.html","level":2,"parentId":"Markov-Text-Generation","tabIndex":3},"k-secv-idx":{"id":"k-secv-idx","title":"k_secv_idx","url":"k-secv-idx.html","level":2,"parentId":"Markov-Text-Generation","tabIndex":4},"stochastic-matrix":{"id":"stochastic-matrix","title":"stochastic_matrix","url":"stochastic-matrix.html","level":2,"parentId":"Markov-Text-Generation","tabIndex":5}}},"topLevelIds":["starter"]}